   154	Jaco <jacogr@gmail.com>
    95	Github Actions <action@github.com>
    16	github-actions[bot] <action@github.com>
     7	Kevin Veros Hamonangan <veroskevin8@gmail.com>
     5	Jhon <jhonfrancisalino@outlook.com>
     5	Thibaut Sardan <33178835+Tbaut@users.noreply.github.com>
     5	brettkolodny <brettkolodny@gmail.com>
     3	Nikos Kontakis <wirednkod@gmail.com>
     3	Raoul Millais <raoul@raoulmillais.com>
     3	Shawn Tabrizi <shawntabrizi@gmail.com>
     3	jakai7 <69433266+jakai7@users.noreply.github.com>
     2	JesseAbram <33698952+JesseAbram@users.noreply.github.com>
     2	Ronny Roeller <ronnyroeller@users.noreply.github.com>
     2	Viki Val <viktorko99@gmail.com>
     1	Andrew <andrew.tarr@hotmail.com>
     1	Andrzej <andrewfrankowski@gmail.com>
     1	Antonio Savage <afmsavage@gmail.com>
     1	Daniel Savu <savudani04@yahoo.ro>
     1	Evgeny <e.svirsky@tut.by>
     1	Fei Liu <liu.feiwood@gmail.com>
     1	Frozen <xrdavies@gmail.com>
     1	Gabriel Crispino <gabriel.crispino@hotmail.com>
     1	Joshy Orndorff <JoshOrndorff@users.noreply.github.com>
     1	Kingsley <10992364+kingsleydon@users.noreply.github.com>
     1	Malte Kliemann <mail@maltekliemann.com>
     1	Michał Mirończuk <michalmironczuk1@gmail.com>
     1	Spaceforce <71380821+spaceforce-dev@users.noreply.github.com>
     1	Zoheb Salam <zoheb_391@hotmail.com>
     1	angdiam <ang_diam@yahoo.com>
     1	h4x3rotab <h4x3rotab@gmail.com>
     1	hamidra <hamid.alipour@gmail.com>
     1	yaohsin <iisaintz@gmail.com>
